--
-- Script was generated by Devart dbForge Studio 2022 for MySQL, Version 9.1.21.0
-- Product home page: http://www.devart.com/dbforge/mysql/studio
-- Script date 9/27/2022 11:56:47 PM
-- Server version: 10.4.24
-- Client version: 4.1
--


SET NAMES 'utf8';

INSERT INTO kiaraaa.cliente(IdUsuario, IdRol_Cliente) VALUES
(10, 3),
(11, 3),
(12, 3),
(13, 3),
(14, 3),
(15, 3),
(16, 3),
(17, 3),
(18, 3),
(19, 3),
(20, 3);


INSERT INTO kiaraaa.clip_prop_r(IdUsuario, Etapa, IdPropiedad, IdRol_Cliente, Fecha_inicio, Fecha_fin, URL, `Estatus Etapa`, `Comentario Etapa`) VALUES
(11, 1, 1, 3, '10/02/2000', '11/02/2000', '', 1, NULL),
(11, 2, 1, 3, '11/02/2000', '12/02/2000', '', 1, NULL),
(11, 3, 1, 3, '12/02/2000', '13/02/2000', '', 1, NULL),
(11, 4, 1, 3, '13/02/2000', '14/02/2000', '', 1, NULL),
(11, 5, 1, 3, '14/02/2000', '15/02/2000', '', 1, NULL),
(11, 6, 1, 3, '15/02/2000', '16/02/2000', '', 1, NULL),
(12, 1, 1, 3, '10/02/2000', '11/02/2000', '', 1, NULL),
(12, 2, 1, 3, '11/02/2000', '12/02/2000', '', 1, NULL),
(12, 3, 1, 3, '12/02/2000', '13/02/2000', '', 1, NULL),
(12, 4, 1, 3, '13/02/2000', '14/02/2000', '', 1, NULL),
(12, 5, 1, 3, '14/02/2000', '15/02/2000', '', 1, NULL),
(12, 6, 1, 3, '15/02/2000', '16/02/2000', '', 1, NULL),
(12, 1, 2, 3, '16/02/2000', '17/02/2000', '', 1, NULL),
(12, 2, 2, 3, '17/02/2000', '18/02/2000', '', 1, NULL),
(12, 3, 2, 3, '18/02/2000', '19/02/2000', '', 1, NULL),
(12, 4, 2, 3, '19/02/2000', '20/02/2000', '', 1, NULL),
(12, 5, 2, 3, '20/02/2000', '21/02/2000', '', 1, NULL),
(12, 6, 2, 3, '21/02/2000', '22/02/2000', '', 1, NULL),
(13, 1, 3, 3, '22/02/2000', '23/02/2000', '', 1, NULL),
(13, 2, 3, 3, '23/02/2000', '24/02/2000', '', 1, NULL),
(13, 3, 3, 3, '24/02/2000', '25/02/2000', '', 1, NULL),
(13, 4, 3, 3, '25/02/2000', '26/02/2000', '', 1, NULL),
(13, 5, 3, 3, '26/02/2000', '27/02/2000', '', 1, NULL),
(13, 6, 3, 3, '27/02/2000', '28/02/2000', '', 1, NULL),
(14, 1, 4, 3, '28/02/2000', '29/02/2000', '', 1, NULL),
(14, 2, 4, 3, '29/02/2000', '01/03/2000', '', 1, NULL),
(14, 3, 4, 3, '01/03/2000', '02/03/2000', '', 1, NULL),
(14, 4, 4, 3, '02/03/2000', '03/03/2000', '', 1, NULL),
(14, 5, 4, 3, '03/03/2000', '04/03/2000', '', 1, NULL),
(14, 6, 4, 3, '04/03/2000', '05/03/2000', '', 1, NULL),
(15, 1, 5, 3, '05/03/2000', '06/03/2000', '', 1, NULL),
(15, 2, 5, 3, '06/03/2000', '07/03/2000', '', 1, NULL),
(15, 3, 5, 3, '07/03/2000', '08/03/2000', '', 1, NULL),
(15, 4, 5, 3, '08/03/2000', '09/03/2000', '', 1, NULL),
(15, 5, 5, 3, '09/03/2000', '10/03/2000', '', 1, NULL),
(15, 6, 5, 3, '10/03/2000', '11/03/2000', '', 1, NULL),
(16, 1, 6, 3, '11/03/2000', '12/03/2000', '', 1, NULL),
(16, 2, 6, 3, '12/03/2000', '13/03/2000', '', 1, NULL),
(16, 3, 6, 3, '13/03/2000', '14/03/2000', '', 1, NULL),
(16, 4, 6, 3, '14/03/2000', '15/03/2000', '', 1, NULL),
(16, 5, 6, 3, '15/03/2000', '16/03/2000', '', 1, NULL),
(16, 6, 6, 3, '16/03/2000', '17/03/2000', '', 1, NULL),
(17, 1, 7, 3, '17/03/2000', '18/03/2000', '', 1, NULL),
(17, 2, 7, 3, '18/03/2000', '19/03/2000', '', 1, NULL),
(17, 3, 7, 3, '19/03/2000', '20/03/2000', '', 1, NULL),
(17, 4, 7, 3, '20/03/2000', '21/03/2000', '', 1, NULL),
(17, 5, 7, 3, '21/03/2000', '22/03/2000', '', 1, NULL),
(17, 6, 7, 3, '22/03/2000', '23/03/2000', '', 1, NULL),
(18, 1, 8, 3, '23/03/2000', '24/03/2000', '', 1, NULL),
(18, 2, 8, 3, '24/03/2000', '25/03/2000', '', 1, NULL),
(18, 3, 8, 3, '25/03/2000', '26/03/2000', '', 1, NULL),
(18, 4, 8, 3, '26/03/2000', '27/03/2000', '', 1, NULL),
(18, 5, 8, 3, '27/03/2000', '28/03/2000', '', 1, NULL),
(18, 6, 8, 3, '28/03/2000', '29/03/2000', '', 1, NULL),
(19, 1, 9, 3, '29/03/2000', '30/03/2000', '', 1, NULL),
(19, 2, 9, 3, '30/03/2000', '31/03/2000', '', 1, NULL),
(19, 3, 9, 3, '31/03/2000', '01/04/2000', '', 1, NULL),
(19, 4, 9, 3, '01/04/2000', '02/04/2000', '', 1, NULL),
(19, 5, 9, 3, '02/04/2000', '03/04/2000', '', 1, NULL),
(19, 6, 9, 3, '03/04/2000', '04/04/2000', '', 1, NULL);


INSERT INTO kiaraaa.cli_p_prop(IdUsuario, Paso, IdPropiedad, IdRol_Cliente, Fecha_inicio, Fecha_fin, URL, `Estatus Etapa`, `Comentario Etapa`) VALUES
(11, 1, 1, 3, '01/04/2018', '02/04/2018', '', 1, NULL),
(11, 2, 1, 3, '02/04/2018', '03/04/2018', '', 1, NULL),
(11, 3, 1, 3, '03/04/2018', '04/04/2018', '', 1, NULL),
(11, 4, 1, 3, '04/04/2018', '05/04/2018', '', 1, NULL),
(11, 5, 1, 3, '05/04/2018', '06/04/2018', '', 1, NULL),
(11, 6, 1, 3, '06/04/2018', '07/04/2018', '', 1, NULL),
(11, 7, 1, 3, '07/04/2018', '08/04/2018', '', 1, NULL),
(11, 8, 1, 3, '08/04/2018', '09/04/2018', '', 1, NULL),
(11, 9, 1, 3, '09/04/2018', '10/04/2018', '', 1, NULL),
(11, 10, 1, 3, '10/04/2018', '11/04/2018', '', 1, NULL),
(11, 11, 1, 3, '11/04/2018', '12/04/2018', '', 1, NULL),
(12, 1, 2, 3, '12/04/2018', '13/04/2018', '', 1, NULL),
(12, 2, 2, 3, '13/04/2018', '14/04/2018', '', 1, NULL),
(12, 3, 2, 3, '14/04/2018', '15/04/2018', '', 1, NULL),
(12, 4, 2, 3, '15/04/2018', '16/04/2018', '', 1, NULL),
(12, 5, 2, 3, '16/04/2018', '17/04/2018', '', 1, NULL),
(12, 6, 2, 3, '17/04/2018', '18/04/2018', '', 1, NULL),
(12, 7, 2, 3, '18/04/2018', '19/04/2018', '', 1, NULL),
(12, 8, 2, 3, '19/04/2018', '20/04/2018', '', 1, NULL),
(12, 9, 2, 3, '20/04/2018', '21/04/2018', '', 1, NULL),
(12, 10, 2, 3, '21/04/2018', '22/04/2018', '', 1, NULL),
(12, 11, 2, 3, '22/04/2018', '23/04/2018', '', 1, NULL),
(13, 1, 2, 3, '23/04/2018', '24/04/2018', '', 1, NULL),
(13, 2, 3, 3, '24/04/2018', '25/04/2018', '', 1, NULL),
(13, 3, 3, 3, '25/04/2018', '26/04/2018', '', 1, NULL),
(13, 4, 3, 3, '26/04/2018', '27/04/2018', '', 1, NULL),
(13, 5, 3, 3, '27/04/2018', '28/04/2018', '', 1, NULL),
(13, 6, 3, 3, '28/04/2018', '29/04/2018', '', 1, NULL),
(13, 7, 3, 3, '29/04/2018', '30/04/2018', '', 1, NULL),
(13, 8, 3, 3, '30/04/2018', '01/05/2018', '', 1, NULL),
(13, 9, 3, 3, '01/05/2018', '02/05/2018', '', 1, NULL),
(13, 10, 3, 3, '02/05/2018', '03/05/2018', '', 1, NULL),
(13, 11, 3, 3, '03/05/2018', '04/05/2018', '', 1, NULL),
(14, 1, 3, 3, '04/05/2018', '05/05/2018', '', 1, NULL),
(14, 2, 3, 3, '05/05/2018', '06/05/2018', '', 1, NULL),
(14, 3, 4, 3, '06/05/2018', '07/05/2018', '', 1, NULL),
(14, 4, 4, 3, '07/05/2018', '08/05/2018', '', 1, NULL),
(14, 5, 4, 3, '08/05/2018', '09/05/2018', '', 1, NULL),
(14, 6, 4, 3, '09/05/2018', '10/05/2018', '', 1, NULL),
(14, 7, 4, 3, '10/05/2018', '11/05/2018', '', 1, NULL),
(14, 8, 4, 3, '11/05/2018', '12/05/2018', '', 1, NULL),
(14, 9, 4, 3, '12/05/2018', '13/05/2018', '', 1, NULL),
(14, 10, 4, 3, '13/05/2018', '14/05/2018', '', 1, NULL),
(14, 11, 4, 3, '14/05/2018', '15/05/2018', '', 1, NULL),
(15, 1, 4, 3, '15/05/2018', '16/05/2018', '', 1, NULL),
(15, 2, 4, 3, '16/05/2018', '17/05/2018', '', 1, NULL),
(15, 3, 4, 3, '17/05/2018', '18/05/2018', '', 1, NULL),
(15, 4, 5, 3, '18/05/2018', '19/05/2018', '', 1, NULL),
(15, 5, 5, 3, '19/05/2018', '20/05/2018', '', 1, NULL),
(15, 6, 5, 3, '20/05/2018', '21/05/2018', '', 1, NULL),
(15, 7, 5, 3, '21/05/2018', '22/05/2018', '', 1, NULL),
(15, 8, 5, 3, '22/05/2018', '23/05/2018', '', 1, NULL),
(15, 9, 5, 3, '23/05/2018', '24/05/2018', '', 1, NULL),
(15, 10, 5, 3, '24/05/2018', '25/05/2018', '', 1, NULL),
(15, 11, 5, 3, '25/05/2018', '26/05/2018', '', 1, NULL);


INSERT INTO kiaraaa.comercial(IdPropiedad, Estracionamientos, Cuartos, Oficinas, Niveles) VALUES
(6, 2, 3, 10, 5),
(7, 2, 7, 3, 1),
(8, 2, 4, 4, 2),
(9, 2, 5, 5, 2),
(10, 2, 3, 6, 2),
(11, 2, 6, 5, 4),
(12, 2, 3, 6, 2);


INSERT INTO kiaraaa.empleado(IdUsuario, IdRol_Empleado) VALUES
(0, 0),
(1, 0),
(2, 1),
(3, 0),
(4, 0),
(5, 0),
(6, 1),
(7, 0),
(8, 1),
(9, 1);


INSERT INTO kiaraaa.emp_prop(IdUsuario, IdPropiedad, IdRol_Empleado, Fecha_Asignacion) VALUES
(0, 1, 0, '2020-02-02 00:00:00'),
(1, 2, 0, '2020-03-02 00:00:00'),
(2, 3, 1, '2020-04-02 00:00:00'),
(3, 4, 0, '2020-05-02 00:00:00'),
(4, 5, 0, '2020-06-02 00:00:00'),
(5, 6, 0, '2020-07-02 00:00:00'),
(6, 7, 1, '2020-08-02 00:00:00'),
(7, 8, 0, '2020-09-02 00:00:00'),
(8, 9, 1, '2020-10-02 00:00:00'),
(9, 10, 1, '2020-11-02 00:00:00');


INSERT INTO kiaraaa.proceso_comp(Etapa, Descripcion) VALUES
(1, 'Recepcion de apartado'),
(2, 'Recepcion de documentación'),
(3, 'Elaboración de contrato de compraventa'),
(4, 'Aprobacion de las partes del borrador de contrato'),
(5, 'Firma de contrato de compraventa'),
(6, 'Realizacion de avaluo comercial'),
(7, 'Realizacion de avaluo hacendario'),
(8, 'Avaluo terminado y entregado'),
(9, 'Revision de documentación por parte de Notaria'),
(10, 'Elaboración de proyecto de escritura'),
(11, 'Firma de escritura de compraventa'),
(21, 'CURP'),
(22, 'Acta de Nacimiento'),
(23, 'Constancia de Situacion Fiscal');


INSERT INTO kiaraaa.proceso_renta(Etapa, Descripcion) VALUES
(1, 'Recepcion de apartado'),
(2, 'Recepcion de documentación'),
(3, 'Inicio de tramite de póliza jurídica'),
(4, 'Resultado de investigación de póliza jurídica'),
(5, 'Revision de contrato'),
(6, 'Firma de contrato'),
(21, 'CURP'),
(22, 'Acta de Nacimiento'),
(23, 'Constancia de Situacion Fiscal');


INSERT INTO kiaraaa.propiedades(IdPropiedad, Descripción, Precio, Estado, Municipio, Colonia, Calle, `Codigo Postal`, `Uso de Suelo`, Terreno, Video, Imagenes) VALUES
(0, 'Casa en venta', 3000000, 'Queretaro', 'Queretaro', 'El Refugio', 'Circuito Berengena ', 76269, 'Residencial', 273, '', ''),
(1, 'Casa en venta', 4000000, 'Queretaro', 'Queretaro', 'Alamos', 'Circuito Alamos', 76269, 'Residencial', 118, '', ''),
(2, 'Casa en venta', 3500000, 'Queretaro', 'Queretaro', 'Alamos', 'Circuito Alamos', 76269, 'Residencial', 128, '', ''),
(3, 'Casa en venta', 7300000, 'Queretaro', 'Queretaro', 'Carretas', 'Circuito Alamos', 76269, 'Residencial', 119, '', ''),
(4, 'Casa en venta', 7550000, 'Queretaro', 'Queretaro', 'Carretas', 'Circuito Alamos', 76269, 'Residencial', 227, '', ''),
(5, 'Casa en venta', 8790000, 'Queretaro', 'Queretaro', 'Carretas', 'Circuito Alamos', 76269, 'Residencial', 196, '', ''),
(6, 'Local en venta', 10030000, 'Queretaro', 'Queretaro', 'Carretas', 'Circuito Alamos', 76269, 'Residencial', 127, '', ''),
(7, 'Local en venta', 11270000, 'Queretaro', 'Queretaro', 'Alamos', 'Circuito Alamos', 76269, 'Residencial', 180, '', ''),
(8, 'Local en venta', 12510000, 'Queretaro', 'Queretaro', 'Alamos', 'Circuito Alamos', 76269, 'Residencial', 173, '', ''),
(9, 'Local en venta', 13750000, 'Queretaro', 'El Marques', 'Zakia', 'Circuito Azaleas', 76269, 'Residencial', 264, '', ''),
(10, 'Local en venta', 14990000, 'Queretaro', 'El Marques', 'Zibata', 'Circuito Azaleas', 76269, 'Residencial', 161, '', ''),
(11, 'Local en venta', 16230000, 'Queretaro', 'El Marques', 'Zakia', 'Circuito Azaleas', 76269, 'Residencial', 106, '', ''),
(12, 'Local en venta', 17470000, 'Queretaro', 'El Marques', 'Zakia', 'Circuito Azaleas', 76269, 'Residencial', 165, '', ''),
(13, 'Departamento en venta', 18710000, 'Queretaro', 'El Marques', 'Zakia', 'Circuito Azaleas', 76269, 'Residencial', 176, '', ''),
(14, 'Departamento en venta', 19950000, 'Queretaro', 'El Marques', 'El Refugio', 'Circuito Azaleas', 76420, 'Residencial', 145, '', ''),
(15, 'Departamento en venta', 21190000, 'Queretaro', 'El Marques', 'El Refugio', 'Circuito Azaleas', 76420, 'Residencial', 143, '', ''),
(16, 'Departamento en venta', 22430000, 'Queretaro', 'El Marques', 'El Refugio', 'Circuito Azaleas', 76420, 'Residencial', 244, '', ''),
(17, 'Departamento en venta', 23670000, 'Queretaro', 'El Marques', 'Zakia', 'Circuito Azaleas', 76420, 'Residencial', 127, '', ''),
(18, 'Casa en venta', 24910000, 'Queretaro', 'El Marques', 'Zakia', 'Circuito Azaleas', 76420, 'Residencial', 180, '', ''),
(19, 'Casa en venta', 26150000, 'Queretaro', 'El Marques', 'Zakia', 'Circuito Azaleas', 76420, 'Residencial', 112, '', ''),
(20, 'Casa en venta', 27390000, 'Queretaro', 'El Marques', 'Zakia', 'Circuito Azaleas', 76420, 'Residencial', 201, '', '');


INSERT INTO kiaraaa.residencial(IdPropiedad, Baños, Recamaras, Cocina, Estacionamiento, Gas, Pisos) VALUES
(0, 3, 3, 1, 3, 'si', 2),
(1, 3, 3, 1, 2, 'si', 2),
(2, 3, 3, 1, 3, 'si', 2),
(3, 2, 4, 1, 2, 'si', 2),
(4, 2, 4, 1, 3, 'si', 2),
(5, 2, 4, 1, 1, 'si', 4),
(13, 1, 2, 1, 1, 'si', 1),
(14, 2, 2, 1, 1, 'si', 1),
(15, 1, 1, 1, 1, 'si', 1),
(17, 2, 1, 1, 1, 'si', 1);


INSERT INTO kiaraaa.terreno(IdPropiedad, `Medida frente`, `Medida fondo`, `Uso de suelo`, Agua, Luz, Drenaje, Desnivel, `Forma de Terreno`) VALUES
(18, '200', '222', 1, 'Si', 'Si', 'Si', '2', 'Rectangular'),
(19, '1400', '500', 1, 'Si', 'Si', 'Si', '2', 'Rectangular'),
(20, '1000', '200', 1, 'Si', 'Si', 'Si', '2', 'Rectangular');


INSERT INTO kiaraaa.usuario(IdUsuario, Nombre, `Primer Apellido`, `Segundo Apellido`, `Correo electrónico`, `Estado Civil`, Ocupación, Telefono) VALUES
(0, 'Daniel', 'Cordova', 'Perez', 'Daniel.Cordova@hotmail.com', 'Soltero', 'Licenciado', 728172170),
(1, 'Luis', 'Solis', 'Gracia', 'Luis.Solis@hotmail.com', 'Soltero', 'Licenciado', 728172171),
(2, 'Guillermo', 'De Soto', 'Garcia', 'Guillermo.De Soto@hotmail.com', 'Soltero', 'Licenciado', 728172172),
(3, 'Fidel', 'Torres', 'Garza', 'Fidel.Torres@hotmail.com', 'Soltero', 'Licenciado', 728172173),
(4, 'David', 'Landa', 'Pelaes', 'David.Landa@hotmail.com', 'Soltero', 'Licenciado', 728172174),
(5, 'Michelle', 'Soto', 'Virgolinni', 'Michelle.Soto@hotmail.com', 'Soltero', 'Licenciado', 728172175),
(6, 'Hugo', 'Ramos', 'Palomino', 'Hugo.Ramos@hotmail.com', 'Soltero', 'Licenciado', 728172176),
(7, 'Armando', 'Vazquez', 'Nava', 'Armando.Vazquez@hotmail.com', 'Soltero', 'Licenciado', 728172177),
(8, 'Juan', 'Perez', 'Utrera', 'Juan.Perez@hotmail.com', 'Soltero', 'Licenciado', 728172178),
(9, 'Erick', 'Chavez', 'Ponce', 'Erick.Chavez@hotmail.com', 'Casado', 'Licenciado', 728172179),
(10, 'Andrea', 'Castillo', 'Schwarzenegger', 'Andrea.Castillo@hotmail.com', 'Soltero', 'Estudiante ', 728172180),
(11, 'Gerardo', 'Esparza', 'Peregrino', 'Gerardo.Esparza@hotmail.com', 'Soltero', 'Estudiante ', 728172181),
(12, 'Enrique', 'Enriquez', 'Gutierrez', 'Enrique.Enriquez@hotmail.com', 'Soltero', 'Estudiante ', 728172182),
(13, 'Juan Luis', 'Flores', 'Peck', 'Juan Luis.Flores@hotmail.com', 'Soltero', 'Estudiante ', 728172183),
(14, 'Nicolas', 'Palos', 'de La torre', 'Nicolas.Palos@hotmail.com', 'Soltero', 'Estudiante ', 728172184),
(15, 'Fernando', 'Atocha', 'Hernandez', 'Fernando.Atocha@hotmail.com', 'Soltero', 'Estudiante ', 728172185),
(16, 'Patricio', 'Olmo', 'Solis', 'Patricio.Olmo@hotmail.com', 'Soltero', 'Estudiante ', 728172186),
(17, 'Antonio', 'Cordoba', 'Cordoba', 'Antonio.Cordoba@hotmail.com', 'Soltero', 'Estudiante ', 728172187),
(18, 'Luperdo', 'Fajardo', 'Leon', 'Luperdo.Fajardo@hotmail.com', 'Soltero', 'Estudiante ', 728172188),
(19, 'Javier', 'Ochoa', 'Nuñez', 'Javier.Ochoa@hotmail.com', 'Soltero', 'Estudiante ', 728172189),
(20, 'Ivan', 'Gutierrez', 'Olmedo', 'Ivan.Gutierrez@hotmail.com', 'Soltero', 'Estudiante ', 728172190);